prompt	tag
Хасбанкны хамгийн сүүлийн үеийн мэдээ хаана нийтлэгддэг вэ 	<npa>
Банкны жилийн тайланг хэрхэн үзэх вэ 	<npa>
Сайн уу, хасбанкны олон улсын үнэлгээ   	<npa>
Хас банкны түүхэн амжилтуудын талаар дэлгэрэнгүй уншихын тулд хаана хандах вэ	<npa>
Ажлын цагийн өөрчлөлттэй холбоотой мэдээллийг хаанаас авах вэ	<npa>
Банкны ажилтнуудад чиглэсэн бодлого, хөтөлбөрүүд	<npa>
Хас банкны “Ногоон санхүүжилт” хөтөлбөрийн талаар дэлгэрэнгүй уншихыг хүсч байна 	<npa>
Хас банкны 2024 оны III улирлын санхүүгийн үзүүлэлт	<npa>
Хас банк “Монгол Улсын шилдэг банк” шагналыг хэдэн удаа авсан бэ 	<npa>
Банкны “Эх дэлхий, Эрдэнэт хүмүүн” хөтөлбөр ямар зорилготой вэ 	<npa>
нийгмийн хариуцлагын хүрээнд ямар төсөл хэрэгжүүлж байна вэ 	<npa>
Компанийн засаглалын талаар мэдээлэл	<npa>
Банкны байгаль орчны төсөлд хэрхэн оролцох вэ?	<npa>
Ногоон санхүүжилттэй холбоотой үйл ажиллагаа ямар үр дүнд хүрсэн бэ?	<npa>
 “Эрчим хүчний хэмнэлт” уриалгыг хэрэгжүүлэх арга замууд юу вэ 	<npa>
Хас банкны цахилгаан халаалтын зээл	<npa>
Байгаль орчинд ээлтэй төслүүдийн талаархи мэдээ	<npa>
Банкны тогтвортой хөгжлийн талаархи бодлого юу вэ 	<npa>
Банкны ажилтнуудын эрүүл мэндийн үзлэгийн талаар мэдээлэл өгөөч 	<npa>
эрсдлийн удирдлагын талаар дэлгэрэнгүй мэдээлэл	<npa>
Хас банк хэдэн онд байгуулагдсан бэ 	<npa>
Хас банк ямар улс орнуудад үйл ажиллагаа явуулдаг вэ?	<npa>
Банкны хамгийн том түүхэн амжилтууд юу вэ 	<npa>
Олон улсын байгууллагууд Хас банкийг хэрхэн үнэлдэг вэ?	<npa>
Хас банкны түүхийн талаар илүү дэлгэрэнгүй мэдээлэл өгөөч 	<npa>
Хас банкнаас хүлээн авсан шагналууд	<npa>
Монгол Улсад Хас банк хэрхэн өөрчлөлт авчирсан бэ?	<npa>
Хас банкны үзүүлж буй хамгийн том нөлөө	<npa>
Банкны үүсгэн байгуулагчид хэн бэ 	<npa>
Банкны “Шилдэг Иргэдийн Банк” шагналын талаар мэдээлэл өгөөч 	<npa>
Банкны АТМ-ын тоо яагаад нэмэгдсэн бэ 	<npa>
Банкны цахим үйлчилгээг хэрхэн ашиглах вэ?	<npa>
Candy төлбөрийн картын талаар илүү ихийг мэдэхийг хүсч байна 	<npa>
Хас банкны цахим системийн давуу талууд юу вэ 	<npa>
Хас банкны POS төхөөрөмжүүдийн талаар мэдээлэл өгнө үү 	<npa>
Банкны ухаалаг үйлчилгээ юу вэ 	<npa>
Технологийн шинэчлэлтүүдийн талаар илүү ихийг уншихыг хүсч байна 	<npa>
Хас банк яагаад цахим үйлчилгээнд ихээхэн ач холбогдол байна вэ 	<npa>
ХУР системийг хэрхэн ашигладаг вэ?	<npa>
Банкны орчин үеийн технологийн хэрэглээний талаар дэлгэрэнгүй мэдээлэл өгөөч 	<npa>
Хас банкны “Ногоон санхүүжилтийн чуулган”-ы талаар мэдээлэл өгөөч 	<npa>
Банкны Азийн Хөгжлийн Банктай хийсэн хамтын ажиллагааны үр дүн юу вэ?	<npa>
Уур амьсгалын ногоон сангийн төсөлд Хас банк хэрхэн оролцсон бэ?	<npa>
Банкны томоохон хөрөнгө оруулалтууд юу вэ 	<npa>
Банкны зохион байгуулсан арга хэмжээнүүдийн талаар илүү ихийг мэдэхийг хүсч байна 	<npa>
Хас банкны олон улсын түншүүд хэн бэ?	<npa>
“Нарны цахилгаан станц” төсөлд Хас банк хэрхэн оролцсон бэ?	<npa>
Банкны эрчим хүчний хэмнэлтийн хөтөлбөрүүд юу вэ 	<npa>
Банкны зохион байгуулсан сургалтууд болон семинаруудын талаар мэдээлэл өгөөч 	<npa>
Банкны ажилтнуудад зориулсан үйл ажиллагаа ямар байдаг вэ	<npa>
Хас банкны нийгмийн хариуцлагын хүрээнд хэрэгжүүлсэн сүүлийн төсөл юу вэ 	<npa>
Хас банк яагаад Монгол Улсын шилдэг банкуудын нэг гэж үнэлэгддэг вэ?	<npa>
Хас банк яагаад ногоон санхүүжилтэд анхаарч ажилладаг вэ	<npa>
Хас банкны “Эрчим хүчний хэмнэлт – Бид дэмжинэ” хөтөлбөрийн талаар дэлгэрэнгүй мэдээлэл өгөөч 	<npa>
Хас банкны цахим үйлчилгээний систем хэрхэн ажилладаг вэ?	<npa>
Хас банк харилцагчдаа хэрхэн илүү хүртээмжтэй үйлчилгээг хүргэдэг вэ 	<npa>
Хас банкны орчин үеийн технологи ашигласан үйлчилгээ юу вэ	<npa>
Банкны түүхэн замналд хамгийн чухал үеийг та хэрхэн тодорхойлох вэ 	<npa>
Хас банкны хамгийн том амжилт гэж юу гэж үздэг вэ 	<npa>
Хас банк яагаад ногоон санхүүжилтийн салбарт тэргүүлэх гэж байна вэ?	<npa>
Хас банкны шагналууд яагаад чухал гэж үздэг вэ 	<npa>
Хас банкны олон улсын хамтын ажиллагааны үр дүн юу вэ 	<npa>
Банкны ажилтнуудын ажлын цагийг богиносгох шийдвэр яагаад гарсан бэ 	<npa>
Хас банк ирээдүйн зорилтуудаа хэрхэн тодорхойлсон бэ 	<npa>
Тус банкны авсан хамгийн сүүлийн олон улсын зээл юу вэ 	<npa>
Хас банкны үүсгэн байгуулагчид ямар зорилготой байсан бэ 	<npa>
Ногоон санхүүжилтийн чуулганууд ямар ач холбогдолтой вэ	<npa>
Банкны нийгмийн хариуцлагын үйл ажиллагааны жишээ өгөөч 	<npa>
Хас банкны ашигладаг хамгийн сүүлийн үеийн технологи юу вэ 	<npa>
Хас банк яагаад санхүүгийн хүртээмжийг чухалчилдаг вэ?	<npa>
Хас банкны үйл ажиллагаанд хэрхэн оролцож болох вэ?	<npa>
Банкны байгаль орчны төслүүдийн талаар мэдээлэл өгөөч 	<npa>
Хас банк нийгмийн сайн сайхны төлөө хэрхэн хувь нэмэр оруулдаг вэ?	<npa>
Банкны удирдлагын бүтэц ямар онцлогтой вэ 	<npa>
Хас банк иргэдийг санхүүгийн боловсролтой болгох тал дээр юу хийдэг вэ?	<npa>
Хас банкны эрсдлийн удирдлагын систем хэрхэн ажилладаг вэ?	<npa>
Банкны цахим хуудсаас ямар мэдээлэл авах боломжтой вэ 	<npa>
Хас банкны судалгааны ажлууд юу вэ?	<npa>
Банкны үйлчилгээнд гарсан шинэчлэлтүүдийн талаар мэдээлэл өгөөч 	<npa>
Хас банк яагаад орлого багатай хүмүүст зориулсан үйлчилгээг дэмждэг вэ?	<npa>
Хас банкны санхүүгийн үзүүлэлтүүд   	<npa>
Банкны нийгмийн халамжийн хөтөлбөрийн талаар хэлж өгөөч 	<npa>
Хас банк олон улсын төсөлд хэрхэн оролцдог вэ?	<npa>
Хас банк ажилтнуудаа хэрхэн урамшуулдаг вэ?	<npa>
Хас банкны ногоон зээлийн хөтөлбөрт хэрхэн хамрагдах вэ 	<npa>
Хас банкны шагналт төслүүдээс дурдвал?	<npa>
Хас банк өөрийн харилцагчдаа хэрхэн дэмждэг вэ 	<npa>
Банкны цахим аюулгүй байдлын талаар дэлгэрэнгүй мэдээлэл өгөөч 	<npa>
Хас банк санхүүгийн зах зээлд хэрхэн манлайлдаг вэ?	<npa>
Банкны “Candy” картын давуу талууд юу вэ 	<npa>
Банкны орон нутаг дахь үйлчилгээний тухай мэдээлэл өгөөч 	<npa>
Хас банк олон улсын үнэлгээг хэрхэн авч байсан бэ?	<npa>
Хас банк ажилчдынхаа эрүүл мэндийг хэрхэн дэмждэг вэ?	<npa>
Банкны ирээдүйн чиг хандлага юу байх вэ 	<npa>
Хас банкны дэмжсэн бизнесүүдийн талаар сонсмоор байна 	<npa>
Хас банк орлого багатай иргэдэд ямар тусламж үзүүлдэг вэ 	<npa>
Банкны зээлжих зэрэглэлийн талаар дэлгэрэнгүй тайлбар	<npa>
Хас банк яагаад шилдэг банк шагналыг удаа дараа авсан бэ?	<npa>
Хас банкны зээлийн бодлого ямар онцлогтой вэ?	<npa>
Банкны ажилтнуудын ажлын уур амьсгалыг хэрхэн сайжруулдаг вэ?	<npa>
Хас банк бизнес эрхлэгчдэд хэрхэн тусалдаг вэ 	<npa>
Банкны уур амьсгалын өөрчлөлттэй тэмцэх үйл ажиллагаа юу вэ 	<npa>
Хас банкны мэдээллийн систем хэрхэн шинэчлэгддэг вэ	<npa>
Хас банк жижиг, дунд бизнес эрхлэгчдэд хэрхэн дэмжлэг үзүүлдэг вэ?	<npa>
Хас банкны үйлчлүүлэгчдийн дунд зохион байгуулдаг арга хэмжээнүүд юу вэ	<npa>
Банкны POS терминалын үйлчилгээ ямар онцлогтой вэ?	<npa>
Хас банк үйлчлүүлэгчдээ хэрхэн татдаг вэ?	<npa>
Банкны санхүүгийн тайлангаас юуг анхаарах вэ 	<npa>
Хас банкны олон улсын санхүүжилт хэрхэн явагддаг вэ?	<npa>
Банкны ухаалаг үйлчилгээний давуу талууд юу вэ?	<npa>
Хас банкны санхүүгийн тайлангийн дэлгэрэнгүй мэдээллийг хаанаас олох вэ?	<npa>
Хас банкны ирээдүйн зорилго, хэтийн төлөв юу вэ 	<npa>
Банкны зохион байгуулдаг сургалт, арга хэмжээнд хэрхэн оролцох вэ 	<npa>
Хас банкны түншүүд хэн хэн байдаг вэ?	<npa>
Хас банк ажилтнуудынхаа сургалт хөгжлийн тал дээр юу хийдэг вэ?	<npa>
Банкны шинэ үйлчилгээний талаар хэрхэн мэдээлэл авах вэ 	<npa>
Хас банк бизнес эрхлэгчдэд зориулсан тусгай нөхцлүүд юу вэ?	<npa>
Банкны "Ногоон зээл"-ийн нөхцөл ямар байдаг вэ 	<npa>
Хас банк цахим банкны аюулгүй байдлыг хэрхэн хангадаг вэ?	<npa>
Банкны нийгмийн хариуцлагын төсөлд хэрхэн хувь нэмэр оруулах вэ?	<npa>
Хас банк олон улсын төсөлд хэрхэн амжилттай оролцож байна вэ?	<npa>
Хас банкны уур амьсгалын хэмнэлтийн талаарх хөтөлбөрүүд юу вэ 	<npa>
Банкны үйлчлүүлэгчиддээ зориулсан хөнгөлөлттэй үйлчилгээнүүд юу вэ 	<npa>
“Шилдэг банк” шагналыг яагаад хүртсэн бэ?	<npa>
Банкны төлөвлөгөөт төсөл, шинэ санаачилгуудын талаар мэдээлэл өгөөч 	<npa>
Хас банкны оруулсан хамгийн том хөрөнгө оруулалт юу вэ?	<npa>
Хас банкны ашигласан технологийн дэвшлүүдийн талаар ярьж өгнө үү 	<npa>
Хас банкны эрсдлийн удирдлагын систем хэрхэн ажилладаг вэ 	<npa>
Банкны дотоод хяналтын арга барилын талаар мэдээлэл өгөөч 	<npa>
Хас банк жижиг бизнес эрхлэгчдийг дэмжихэд ямар үүрэгтэй вэ 	<npa>
Банкны дэмжсэн жижиг, дунд бизнесийн төслүүдээс жишээ өгнө үү 	<npa>
Хас банк хэрхэн байгаль орчинд ээлтэй ажилладаг вэ?	<npa>
Хас банкны хамтран ажилладаг байгууллагуудын талаар хэлж өгөөч 	<npa>
Банкны технологийн хөгжүүлэлтүүд хэрхэн нөлөөлж байна вэ?	<npa>
Хас банкны дижитал банкны боломжуудыг хэрхэн ашиглах вэ 	<npa>
Хас банкны зээлийн багцыг яагаад онцгой гэж үздэг вэ 	<npa>
Банкны шинэ үйлчилгээний талаар санал хүсэлтээ хэрхэн өгөх вэ?	<npa>
Хас банкны үнэт зүйлс яагаад чухал гэж үздэг вэ 	<npa>
Банкны олон улсын хамтын ажиллагаа Монголын хөгжилд хэрхэн нөлөөлж байна вэ 	<npa>
Хас банкны ажилтнуудыг сургах бодлого хэрхэн хэрэгждэг вэ?	<npa>
Банкны шагнал авсан төсөлд хэрхэн оролцсон бэ 	<npa>
Хас банкны харилцагчиддаа зориулсан тусгай арга хэмжээнүүд юу вэ?	<npa>
Банкны мэдээллийн ил тод байдлын талаар юу гэж хэлэх вэ 	<npa>
Хас банкны орлого, зарлагын тайлангийн талаарх мэдээлэл хаанаас олж болох вэ?	<npa>
Хас банкны санхүүгийн тогтвортой байдлыг яагаад онцолдог вэ?	<npa>
Банкны дэмжсэн байгаль орчны төслүүд ямар үр дүнд хүрсэн бэ?	<npa>
Хас банкны нийгмийн хариуцлагын хөтөлбөрийн амжилтууд юу вэ?	<npa>
Банкны цахим банкны хэрэглээг хэрхэн сурах вэ?	<npa>
Хас банк өөрийн санхүүгийн тайландаа хэрхэн хариуцлагатай ханддаг вэ?	<npa>
Банкны ажилтнуудын урамшууллын систем хэрхэн ажилладаг вэ?	<npa>
Хас банкны "Бидний тухай" хуудаснаас ямар мэдээлэл авах вэ?	<npa>
Хас банк үйлчлүүлэгчдийнхээ санхүүгийн зорилгыг хэрхэн дэмждэг вэ 	<npa>
Банкны дотоод дүрэм, журам ямар байдаг вэ	<npa>
Хас банк олон улсын үнэлгээнд хэрхэн хамрагдсан бэ?	<npa>
Банкны дэмжсэн нарны цахилгаан станцын төслийн тухай дэлгэрэнгүй ярьж өгнө үү 	<npa>
Хас банк олон нийтийн үйл ажиллагаанд хэрхэн оролцдог вэ?	<npa>
Банкны дэмжсэн инновацийн төслүүд юу вэ 	<npa>
Хас банкны нийгмийн төсөлд хэрхэн оролцох вэ?	<npa>
Банкны харилцагч төвтэй үйлчилгээний талаар ярьж өгнө үү 	<npa>
Хас банкны үүсгэн байгуулагдсан түүхийн талаар дэлгэрэнгүй хэлж өгнө үү 	<npa>
Монголын шилдэг банкуудын нийгмийн хариуцлагын хөтөлбөрүүдийн талаар ярьж өгөөч 	<npa>
Банк санхүүгийн салбар дахь хамгийн үр дүнтэй инновацийн жишээнүүд юу вэ?	<npa>
Ногоон санхүүжилтийн талаар илүү дэлгэрэнгүй мэдээлэл хаанаас олох вэ 	<npa>
Банкны ажилтнуудын сургалт, хөгжлийн талаарх хөтөлбөрүүд юу вэ 	<npa>
Монголд цахим банкны хэрэглээ хэр хөгжиж байна вэ?	<npa>
Банкны шинэчлэлийн бодлогын үр нөлөө хэрхэн илэрч байна вэ?	<npa>
Дэлхийн жишигт нийцсэн санхүүгийн үйлчилгээ Монголд хэрхэн хөгжиж байна вэ	<npa>
Банк санхүүгийн салбарт хэрэглэгчдийн эрх ашгийг хамгаалах үйл ажиллагаа юу вэ 	<npa>
Ногоон зээл авахад тавигдах шаардлагууд юу вэ?	<npa>
Ажлын цаг богиносгох бодлого банкны үр ашгийг хэрхэн нэмэгдүүлж байна вэ?	<npa>
Монголд байгаль орчны санхүүжилтийг хэн илүү дэмждэг вэ 	<npa>
Хамгийн сүүлийн үеийн санхүүгийн үйлчилгээний технологийн талаар хэлж өгөөч 	<npa>
Банкны салбарын өсөлтөд нөлөөлсөн гол хүчин зүйлүүд юу вэ?	<npa>
Банкны харилцагчдын эрх ашгийг хамгаалахын тулд ямар арга хэмжээ авдаг вэ 	<npa>
Олон улсын банк санхүүгийн тайлангуудыг хэрхэн уншиж ойлгох вэ?	<npa>
Эрсдэлийн удирдлага банкны хөгжилд ямар үүрэгтэй вэ?	<npa>
Олон улсын үнэлгээний байгууллагуудын зүгээс Монголын банкуудад өгсөн үнэлгээ ямар байдаг вэ 	<npa>
Тогтвортой санхүүжилтийн бодлого ямар ач холбогдолтой вэ?	<npa>
Банкны санхүүжилтэд тулгуурласан томоохон төслүүдийн талаар яриач 	<npa>
Ажилтнуудад чиглэсэн халамжийн хөтөлбөрүүд хэрхэн хэрэгждэг вэ?	<npa>
Монголын банк санхүүгийн системд нөлөөлсөн томоохон өөрчлөлтүүд юу вэ?	<npa>
Зээлжих зэрэглэл сайжруулахын тулд банк ямар арга хэмжээ авдаг вэ 	<npa>
Дижитал банкны хэрэглээг дэмжихийн тулд ямар хөтөлбөр хэрэгжүүлдэг вэ	<npa>
Харилцагчдын сэтгэл ханамжийг нэмэгдүүлэхэд зориулсан санаачилгууд юу вэ?	<npa>
Монголд санхүүгийн боловсрол олгох хөтөлбөрүүдийг хэн дэмждэг вэ?	<npa>
Банкны харилцагчдын тоо нэмэгдэхэд нөлөөлсөн хүчин зүйлүүд юу вэ 	<npa>
Монголын банкууд уур амьсгалын өөрчлөлтөд хэрхэн анхаардаг вэ?	<npa>
Банкны ажилтнуудын ажлын бүтээмжийг нэмэгдүүлэх арга замууд юу вэ 	<npa>
Дижитал банкны аюулгүй байдлыг хэрхэн баталгаажуулдаг вэ	<npa>
Монголд жижиг бизнес эрхлэгчдийг дэмжих санхүүгийн үйлчилгээнүүд юу вэ?	<npa>
Банкны үйл ажиллагааг илүү нээлттэй, ил тод болгохын тулд юу хийх ёстой вэ	<npa>
Ажлын байрны уян хатан нөхцөл нь ажилтнуудад хэрхэн нөлөөлдөг вэ?	<npa>
Банкны төлөөлөгчийн үүрэг гүйцэтгэх зөвшөөрөл хэрхэн олгогддог вэ?	<npa>
Ногоон санхүүжилтийн хамгийн үр дүнтэй төслүүдийн талаар жишээ өгнө үү 	<npa>
Банкны шагналууд үйл ажиллагааны чанарыг хэрхэн илэрхийлдэг вэ	<npa>
Харилцагч төвтэй үйлчилгээний ач холбогдол юу вэ?	<npa>
Монголбанкнаас тавигдсан зохистой харьцааны шалгуур үзүүлэлтүүд гэж юу вэ?	<npa>
Монголын банк санхүүгийн салбарт тулгарч буй гол сорилтууд юу вэ?	<npa>
Тогтвортой санхүүжилтийн үр нөлөөг хэмжих гол үзүүлэлтүүд юу вэ?	<npa>
Олон улсын үнэлгээний агентлагуудын үүрэг юу вэ?	<npa>
Монголын банкууд эрчим хүчний хэмнэлтийн төслүүдийг хэрхэн дэмждэг вэ?	<npa>
Харилцагчиддаа тулгуурласан шийдвэр гаргахын ач холбогдол юу вэ?	<npa>
Ажилтнуудын ажлын цагийн өөрчлөлт санхүүгийн үр дүнд хэрхэн нөлөөлсөн бэ?	<npa>
Банкны байгаль орчны төсөлд хэрхэн оролцох боломжтой вэ	<npa>
Санхүүгийн тайланг уншихад анхаарах чухал зүйлс юу вэ	<npa>
Нийгмийн хариуцлагын хөтөлбөрүүд банкны нэр хүндэд хэрхэн нөлөөлдөг вэ?	<npa>
Банкны үйл ажиллагааны цар хүрээг хэрхэн хэмждэг вэ	<npa>
Монголд инновацийн санхүүжилтийг хэрхэн олгодог вэ	<npa>
Банкны үйлчилгээний чанарыг хэмжих гол үзүүлэлтүүд юу вэ?	<npa>
Банкны салбарын сүлжээний өсөлтөд нөлөөлсөн хүчин зүйлс юу вэ?	<npa>
Олон улсын санхүүгийн байгууллагууд Монголын банкуудад хэрхэн дэмжлэг үзүүлдэг вэ?	<npa>
Байгаль орчинд ээлтэй зээл ямар онцлогтой байдаг вэ?	<npa>
Банкны ажилтнуудын ажлын ачааллыг тэнцвэржүүлэхэд юу хийдэг вэ?	<npa>
Монголд хамгийн олон харилцагчтай банк аль нь вэ?	<npa>
Банкны төлөвлөгөөний тухай дэлгэрэнгүй	<npa>
Монголын банкны системийн тогтвортой байдлын талаар юу гэж хэлэх вэ?	<npa>
Олон улсын шагналууд Монголын банкуудад ямар ач холбогдол	<npa>
Харилцагчдын үнэнч байдлыг нэмэгдүүлэхэд банк ямар арга хэмжээ авдаг вэ?	<npa>
Байгаль орчинд үзүүлэх нөлөөллийг бууруулахад зориулсан зээлүүдийн үр нөлөө юу вэ?	<npa>
Монголын банкны салбарт гарсан хамгийн том өөрчлөлтүүд юу вэ?	<npa>
Нийгмийн хариуцлагын хүрээнд Хас банк ямар санаачилгууд хэрэгжүүлж байна вэ?	<npa>
Монголын банкуудын орчин үеийн технологи нэвтрүүлэх үйл явц ямар түвшинд байна вэ	<npa>
Банкны ажилтнуудын сургалтын чанарыг хэрхэн хангадаг вэ?	<npa>
Санхүүгийн тайланг хэрхэн үр дүнтэй унших вэ?	<npa>
Олон улсын үнэлгээний зэрэглэлийг сайжруулахад Хас банк ямар алхмууд хийсэн бэ?	<npa>
Ногоон зээлийн үр дүнг бодитой хэмжихэд ямар аргууд ашигладаг вэ?	<npa>
Ажилтнуудын ажлын бүтээмжийг нэмэгдүүлэхэд чиглэсэн хамгийн үр дүнтэй бодлогууд юу вэ?	<npa>
Монголын банк санхүүгийн салбарын инноваци хэрхэн хөгжиж байна вэ?	<npa>
Байгаль орчинд ээлтэй санхүүжилтийн тухай дэлгэрэнгүй тайлбарлаж өгөөч 	<npa>
Банкны санхүүжилттэй нийгмийн төслүүдэд хэрхэн оролцох вэ?	<npa>
Банкны салбарын хөгжлийн хэтийн төлөвийг хэрхэн тодорхойлдог вэ?	<npa>
Хас банкны нийгмийн хариуцлагын бодлого бусад банкуудаас юугаараа ялгаатай вэ?	<npa>
Санхүүгийн тайланд дүн шинжилгээ хийхэд анхаарах гол зүйлс юу вэ?	<npa>
Олон улсын үнэлгээний агентлагууд Монголын банкуудад ямар зөвлөгөө өгдөг вэ	<npa>
Харилцагч төвтэй үйлчилгээний гол ач холбогдол юу вэ?	<npa>
Ногоон санхүүжилтийн хамгийн амжилттай төслүүдийн жишээг дурдвал?	<npa>
Олон улсын банк санхүүгийн зах зээл дээр Монголын банкуудын нэр хүнд ямар түвшинд байдаг вэ?	<npa>
Санхүүгийн үйлчилгээний чанарыг сайжруулахад хамгийн чухал хүчин зүйл юу вэ?	<npa>
Хас банкны ажилтнуудын ажлын уян хатан нөхцөл хэр үр өгөөжтэй байдаг вэ?	<npa>
Монголын банк санхүүгийн салбарт шинэ тоглогчид ямар нөлөө үзүүлж байна вэ?	<npa>
Банкны харилцагчдын тоог нэмэгдүүлэхэд чиглэсэн хамгийн амжилттай бодлогууд юу вэ?	<npa>
Олон улсын үнэлгээний тайлангууд Монголын банкуудад ямар ач холбогдолтой вэ?	<npa>
Банк санхүүгийн үйлчилгээг хөдөөгийн иргэдэд хүртээмжтэй болгоход ямар алхмууд хийдэг вэ?	<npa>
Монголын банкууд цахим шилжилтэд хэрхэн дасан зохицож байна вэ?	<npa>
Ногоон санхүүжилтийн үр өгөөжийг тодорхойлохын тулд ямар судалгаа хийдэг вэ?	<npa>
Олон улсын шагналууд банкны нэр хүндийг хэрхэн нэмэгдүүлдэг вэ?	<npa>
Монголд ажил олгогчдод чиглэсэн санхүүгийн үйлчилгээнүүдийг хэн санал болгодог вэ?	<npa>
Хас банкны ногоон санхүүжилтийн бодлого хэрхэн хэрэгжиж байна вэ?	<npa>
Монголд эрчим хүчний хэмнэлттэй төсөл хэрэгжүүлэхэд ямар санхүүжилт шаардлагатай вэ?	<npa>
Санхүүгийн тогтвортой байдлыг хадгалахад Хас банк ямар алхмууд хийж байна вэ?	<npa>
Монголын банк санхүүгийн салбарт хөрөнгө оруулалтыг дэмжихэд ямар үүрэгтэй вэ?	<npa>
Хас банк олон улсын үнэлгээний байгууллагуудын тайланд ямар байр суурьтай байдаг вэ?	<npa>
Дижитал банкны үйлчилгээг илүү хүртээмжтэй болгохын тулд ямар шийдэл санал болгодог вэ?	<npa>
Байгаль орчинд ээлтэй банкны үйл ажиллагааны онцлог юу вэ?	<npa>
Монголын банкууд санхүүгийн инновацийн салбарт хэрхэн амжилт гаргаж байна вэ?	<npa>
Ажилтнуудад зориулсан урамшууллын бодлого банкны үр ашгийг нэмэгдүүлэхэд хэрхэн нөлөөлдөг вэ?	<npa>
Олон улсын банк санхүүгийн байгууллагуудын Монголд үзүүлсэн дэмжлэг ямар байдаг вэ?	<npa>
Ногоон санхүүжилтийн тухай ойлголтыг олон нийтэд хэрхэн түгээн дэлгэрүүлдэг вэ?	<npa>
Монголд банкны системд гарч буй томоохон сорилтуудыг хэрхэн шийдвэрлэх вэ?	<npa>
Хас банкны оролцоо бүхий хамгийн том төсөл аль нь вэ?	<npa>
Монголын санхүүгийн салбарт Хас банкны оруулсан хувь нэмэр юу вэ?	<npa>
Ногоон санхүүжилтийн төслүүдэд хэрхэн хамрагдах боломжтой вэ?	<npa>
Хас банк олон улсын санхүүгийн байгууллагуудтай хэрхэн хамтарч ажилладаг вэ	<npa>
Банкны үйлчилгээнд цахим технологийн шинэчлэл ямар үр дүн авчирсан бэ?	<npa>
Санхүүгийн боловсрол олгох талаар Хас банк ямар хөтөлбөр хэрэгжүүлдэг вэ?	<npa>
Монголд дижитал банкны үйлчилгээний түвшин хэрхэн ахиж байна вэ?	<npa>
Хас банкны ажилтнуудын ажлын бүтээмжийг дэмжих бодлого юу вэ	<npa>
Тогтвортой санхүүжилтийн чиглэлээр Хас банк хэрхэн манлайлж байна вэ?	<npa>
Олон улсын үнэлгээний байгууллагууд Монголын банкуудад итгэл хүлээлгэхэд юуг анхаардаг вэ?	<npa>
Хас банкны оролцсон хамгийн амжилттай дэд бүтцийн төсөл аль нь вэ?	<npa>
Нийгмийн хариуцлагын хүрээнд Хас банк ямар төслүүд хэрэгжүүлдэг вэ?	<npa>
Монгол Улсад ногоон эдийн засгийг хөгжүүлэхэд Хас банк ямар үүрэгтэй вэ?	<npa>
Хас банкны шагналууд олон улсын зах зээл дээр хэрхэн нөлөөлсөн бэ?	<npa>
Эрчим хүчний хэмнэлттэй бүтээгдэхүүнд санхүүжилт авах боломжийн талаар тайлбарлаж өгөөч	<npa>
Орон нутгийн иргэдэд чиглэсэн банкны үйлчилгээний онцлог юу вэ	<npa>
Хас банкны харилцагч төвтэй үйлчилгээ хэрхэн хэрэгждэг вэ?	<npa>
Хас банкны ажилтнуудыг хөгжүүлэх сургалтын гол зорилго юу вэ?	<npa>
Хас банк ямар салбаруудад голчлон хөрөнгө оруулалт хийдэг вэ?	<npa>
Монголын банк санхүүгийн салбарт дижитал шилжилт хэр үр дүнтэй байв?	<npa>
Хас банкны олон улсын түншлэлүүд Монгол Улсад ямар боломжуудыг нээсэн бэ?	<npa>
Хас банкны дэвшилтэт технологийн шийдлүүдээс аль нь хамгийн онцгой вэ?	<npa>
Ногоон санхүүжилтэд зориулсан санхүүгийн боловсролын талаар дэлгэрэнгүй мэдээлэл өгөөч 	<npa>
Санхүүгийн ил тод байдлыг хангахад Хас банк ямар арга хэмжээ авдаг вэ?	<npa>
Орон нутагт банкны үйлчилгээг хүргэхэд тулгарч буй сорилтуудыг Хас банк хэрхэн даван туулдаг вэ?	<npa>
Хас банкны харилцагчдыг хамгаалах бодлого ямар үр дүнд хүрсэн бэ?	<npa>
Монголд жижиг, дунд бизнесийг дэмжих санхүүжилтийн талаар ямар боломжууд байдаг вэ?	<npa>
Хас банкны оролцсон томоохон экосистемийн төслүүдээс дурдвал?	<npa>
Тогтвортой санхүүжилтийн төсөлд оролцохын тулд ямар шаардлагууд тавигддаг вэ	<npa>
Монголын банкны салбарт ажиллахад шаардлагатай ур чадварууд юу вэ?	<npa>
Хас банк ямар төрлийн санхүүгийн сургалт зохион байгуулдаг вэ?	<npa>
Хас банкны цахим үйлчилгээ бусад банкуудтай харьцуулахад юугаараа онцлог вэ?	<npa>
Хас банк Монголд нийгэм, эдийн засгийн ямар үр нөлөө үзүүлж байна вэ?	<npa>
Монгол Улсын банкны системийн эрсдэлтэй хүчин зүйлүүдийг хэрхэн удирддаг вэ?	<npa>
Хас банк олон улсын тавцанд Монгол Улсын нэр хүндийг хэрхэн өргөж байна вэ?	<npa>
Хас банкны ногоон төслүүд хүлэмжийн хийн ялгарлыг бууруулахад хэрхэн хувь нэмэр оруулсан бэ?	<npa>
Дижитал шилжилт банкны үйлчилгээнд ямар давуу талуудыг бий болгож байна вэ?	<npa>
Хас банкны ирээдүйн зорилт, алсын харааг тодорхойлж өгөөч 	<npa>
Монголд олон улсын санхүүгийн технологийг хэрхэн нэвтрүүлж байна вэ?	<npa>
Орон нутгийн банкны үйлчилгээг илүү хүртээмжтэй болгохын тулд Хас банк ямар арга замуудыг санал болгодог вэ?	<npa>